movie_id	title	is_adult	release_year	duration	genres	avg_rating	votes	directors	writers	actors
tt3603524	Mille chemins du temps	false	2014	70	Documentary	0.0	0	Philippe Vandendriessche		Willy Perelsztejn|Manu Bonmariage|Geoffroy Cernaix|Jean-Pierre Beauviala|Thierry Michel|Claudio Pazienza|Philippe Vandendriessche
tt4948154	Knocking on Heaven's Door	false	2014	0	Musical	5.5	22	Desmond Elliot		Supersoniq Amanyi|Leelee Byoma|Oz Ejike Agu|Majid Michel|Adesua Etomi|Emem Isong|Ini Edo|Desmond Elliot|Robert Peters|Blossom Chukwujekwu
tt3550814	Sick World	false	2014	63	Documentary,Family,News	0.0	0	Hyun-Mi Park	Hyun-Mi Park	Hyun-Mi Park|Jean Kim|Jung-Hoon Shin
tt5047340	Sister Morphine	false	2014	0	Documentary	0.0	0	Brad Gover	Mark Hoffe	Brad Gover|Mark Hoffe|Phil Goodland|Scott McClellan
tt5060306	Garbhasreeman	false	2014	0	Drama	4.5	11	Anil Gopinath	Suvachan	Ouseppachan|Kalabhavan Shajohn|K.P. Nambyathiri|Anil Gopinath|Suraaj Venjarammoodu|T.S. Jayakumar|Siddique|Suvachan|K.J. Rajendran|Gouri Krishna
tt5133692	Kaksparsh	false	2014	130	Drama,Family,History	7.5	56	Mahesh Manjrekar		Mahesh Manjrekar
tt4077382	Ibong Adarna: The Pinoy Adventure	false	2014	90	Adventure,Drama,Family	8.3	7	Jun Urbano	Angelo Hernandez|Jun Urbano	Benjie Paras|Joel Torre|Leo Martinez|Angelo Hernandez|Denise Santos|Ronnie Lazaro|Jun Urbano|Patricia Fernandez|Rocco Nacino|Angel Aquino
tt4071606	Madame Presidenta: Why Not U.S.?	false	2014	51	Documentary,History,News	0.0	0	Heather Arnet	Heather Arnet	Heather Arnet|Nathan Wadding|Nathan Golon|Jamie Holleran
tt4064558	Un Noel au Pakistan	false	2014	52	Documentary	0.0	0	Narinderpal Singh Chandok	Narinderpal Singh Chandok	Antoine Rossi|Narinderpal Singh Chandok|Lionel Rigal
tt4014472	Tarkata	false	2014	150	Crime,Drama	6.5	178	Muhammad Mostafa Kamal Raz	Muhammad Mostafa Kamal Raz	Mousumi|Khayer Khondokar|Ejazul Islam|Bidya Sinha Saha|Arifin Shuvo|Ahmed Sharif|Forhad Ahammed|Faruk Ahmed|Muhammad Mostafa Kamal Raz|Arifin Rumi
tt3985166	Under Gottsunda	false	2014	73	Drama	6.8	16	Viktor Johansson	Viktor Johansson	Ibrahim Farran|Viktor Johansson|Sergej Brändén|Parvaneh Ghavanini|Andean Runner|Kerim Ashkar|Victoria Eriksson|Ali Almaseri|Flexx|Mohammed Essa
tt3391042	ASA: Film Matters	false	2014	0	Music	0.0	0	Mathieu Vié		Karine Lima|Walperion Music|Stool Mayer|Morgan Prêleur|Mathieu Vié
tt5586132	Jimmy Was a Carpenter	false	2014	0	Thriller	0.0	0	Taylor Toole	Taylor Toole	Jess Phaneuf|Taylor Toole|Rob Myers|Jennifer Toole
tt3915054	Gekijouban Yuuto kun ga iku	false	2014	0	Animation	0.0	0
tt5618362	Living Los Sures	false	2014	0	Documentary	0.0	0	Christopher Allen		Lucila Moctezuma|Warner Boutin|Outlier|Christopher Allen|Sarah Lerner|Alison S.M. Kobayashi|Steve Holmgren|Laura Heberton
tt3378436	Selling the Skin	false	2014	0	Documentary	0.0	0	Ken Kushner	Ken Kushner	Ken Kushner|George Isaacs|Reid Carpenter|Richie Scarface
tt3892654	Jakten på Berlusconi	false	2014	82	Comedy	4.8	191	Ole Endresen	Ole Endresen	Håkon Øverås|Jon Øigarden|Henriette Steenstrup|Morten Ramm|Ole Endresen|Edward Schultheiss|Thomas G. Trælnes|Pål Jackman|Gaute Gunnari
tt3352770	Ernesto Pinto-Bazurco: A Peruvian in the Third Reich	false	2014	0	Documentary	0.0	0	Luis Enrique Cam	Luis Enrique Cam	Luis Enrique Cam|Enrique Seminario
tt4399828	Discovering Masterpieces of Classical Music: Wolfgang Amadeus Mozart	false	2014	61		0.0	0
tt3171886	Hartenstraat	false	2014	90	Romance	6.3	1666	Sanne Vogel	Judith Goudsmit	Sanne Vogel|Edvard van 't Wout|Bracha van Doesburgh|Judith Goudsmit|Georgina Verbaan|Jan Kooijman|Marwan Kenzari|Robin de Levita|Kees Abrahams|Perquisite
tt5284196	Pretty Village	false	2014	0		0.0	0
tt5280098	In the Camp	false	2014	0	Comedy	0.0	0	Ashot Hakobyan	Karl Abrahamyan	Arthur Hakobyan|Leva Davtyan|Vahe Terteryan|Rustam Badalyan|Karl Abrahamyan|Ashot Hakobyan|Vahe Epremyan|Hayk Avagyan|Sofi Devoyan|Dalita Avanesian
tt2517658	The Canal	false	2014	92	Horror,Mystery,Thriller	5.9	10990	Ivan Kavanagh	Ivan Kavanagh	Rupert Evans|Ivan Kavanagh|Kelly Byrne|Robin Hill|Antonia Campbell-Hughes|Hannah Hoekstra|Albi Sheridan|Ceiri Torjussen|Piers McGrail|AnneMarie Naughton
tt3831548	The Path of Peace: The Renaissance of Nazareth	false	2014	61	Documentary,Family,History	0.0	0	Cameron Yorke	Cameron Yorke	Stuart Dunlop|Joel Ryder|Cameron Yorke|Louis Blair|David N. O'Sullivan|James Lyndon|Alexandra Legouix
tt3132922	In God We Trust	false	2014	105	Documentary,Drama,Family	0.0	0	Jennifer Dawn|Paul Bounds|Paige McCauley	Paul Bounds	Frank Foster|Curtis Hegwood|Pascha Hanner|Harvey Johnson|Jennifer Dawn|Scott Bates|Paige McCauley|Chris Blackburn|Paul Bounds|Wanda Johnson
tt5128960	Shadow	false	2014	33	Documentary	0.0	0	Raha Razavi	Raha Razavi	Amir Ghashghaei|Raha Razavi
tt3119360	Itsi Bitsi	false	2014	109	Drama	6.7	748	Ole Christian Madsen	Bo Hr. Hansen|Ole Christian Madsen	Ole Christian Madsen|Julia Ragnarsson|Caspar Phillipson|Jørgen Johansson|Bo Hr. Hansen|Henrik Lindstrand|Søren B. Ebbe|Ola Rapace|Thure Lindhardt|Lars Bredo Rahbek
tt3830032	Call Me Bad Girl	false	2014	0	Romance	5.2	28	Ong-art Cheamcharoenporn		Teeradetch Metawarayut|Pechaya Wattanamontri|Zuvapit Traipornworakit|Ong-art Cheamcharoenporn
tt5152460	Find Me	false	2014	77	Documentary	7.6	7	David Peters		David Peters
tt3067770	Barry Price	false	2014	0	Drama	0.0	0	Christopher Boggs	Chris Boggs|Steve Cattani|Walter A. Davis|Virginia Mitchell	Chris Boggs|Christopher Boggs|Walter A. Davis|Virginia Mitchell|Douglas Dunning|Colton Davie|John David Gregory|Steve Cattani|Jason Paul Field|Walker Haynes
tt4838270	MisQues	false	2014	64	Action,Drama,Mystery	0.0	0	Sean Van Dorn	Sean Van Dorn|Trellis Woods	Michael King|Trellis Woods|Sean Van Dorn|Chris G. Blackwood|Dathan Thigpen|Andrew Masset|Chase Anderson
tt4573620	Far Away	false	2014	0	Comedy	0.0	0	Ben Hewitt-Long		Ben Hewitt-Long|Mark Atkin
tt4512402	Perimeter Hamilton	false	2014	191	Documentary	0.0	0	Nathan Fleet	Nathan Fleet	Nathan Fleet
tt6943870	Ranja	false	2014	0	Action	6.2	5	Sudesh Wasantha Pieris	Sudesh Wasantha Pieris	Tennyson Cooray|Piyumi Botheju|Keshan Perera|Sunil T. Fernando|Nilmini Kottagoda|Sudesh Wasantha Pieris|Kumarasiri de Silva|Rex Kodippili|Gamini Moragollagama
tt4365922	Qissa-e-Parsi	false	2014	30	Documentary,History	0.0	0	Divya Goswami|Shilpi Gulati	Divya Goswami|Shilpi Gulati	Shilpi Gulati|Rajiv Mehrotra|Divya Goswami
tt4286534	Danke schön Hitler	false	2014	90	Comedy,Drama,Fantasy	0.0	0	Piero Galli	Piero Galli	Piero Galli
tt2945892	Children of the Night	false	2014	105	Horror	5.2	194	Iván Noel	Iván Noel	Iván Noel|Guy Ducker|Lauro Veron|Toto Muñoz|Ana María Giunta|Sabrina Ramos
tt4200986	Three Finns	false	2014	70	Drama	0.0	0	Nicolai Borger	Nicolai Borger|Romina Seiz	Romina Seiz|Nicolai Borger|Juliane Gregori
tt4111608	El triángulo rosa y la cura nazi para la homosexualidad	false	2014	65	Documentary	0.0	0	Esteban Jasper|Nacho Steinberg	Osvaldo Canis|Niels-Birger Danielsen|Hans Davidsen-Nielsen|Niels Høiby|Jakob Rubin	Jacques Broder Cohen|Esteban Jasper|Niels-Birger Danielsen|Nacho Steinberg|Osvaldo Canis|Niels Høiby|Gastón Abulafia|Hans Davidsen-Nielsen|Jakob Rubin|Santiago Pafundi
tt2952488	Frankenstein's Monster	false	2014	86	Drama,History,Sci-Fi	3.5	6	Syd Lance	Judith B. Shields	Matt Risoldi|Dustin Sturgill|Christopher Lowe|Peter Kovic|Ryan Cockerham|Syd Lance|Slava Vlad|Tim Ashby|Christina Sturgill|Judith B. Shields
tt4048716	3 Summits	false	2014	67	Adventure,Documentary,Family	0.0	0	Livio Bestulic	Livio Bestulic	Seth Bestulic|Livio Bestulic|Tobias Morkotter|Toni Galanle
tt2946814	Arlo and Julie	false	2014	76	Comedy,Mystery,Romance	7.7	54	Steve Mims	Steve Mims	Steve Mims|Sam Eidson|Alex Dobrenko|Chris Doubek|Ashley Spillers|Andrew Cottrell|John Wood
tt4048570	Treading Water: Plight of the Manitoba First Nation Flood Evacuees	false	2014	0	Documentary	0.0	0	Janelle Wookey	Janelle Wookey|Jérémie Wookey	Janelle Wookey|Jérémie Wookey|Jocelyn Mitchell
tt4014626	A Magic-Lantern Life	false	2014	51	Biography,Documentary,History	0.0	0	Marcin Gizycki|Peter O'Neill	Marcin Gizycki	Terry Borton|Marek Wilczynski|Peter O'Neill|Marcin Gizycki
tt4011546	The Party's Over	false	2014	80	Adventure,Biography,Documentary	0.0	0	Richard J. Martinez	Richard J. Martinez	Richard J. Martinez
tt4007378	The Shore Break	false	2014	90	Documentary,Drama,Family	7.6	5	Ryley Grunenwald	Ryley Grunenwald	Kerryn Assaizky|Ryley Grunenwald|Joel Assaizky|Odette Geldenhuys
tt2916134	Words You Never Said	false	2014	45	Drama	0.0	0	Ashleigh Coffelt	Courtney Birk|Ashleigh Coffelt	Tim Ciskanik|Tanner Freeman|Michael Hayden|Lee Tamer|Courtney Birk|Bernadette Sayre|Ashleigh Coffelt|Corey Klinefelter|Gabriel Coffelt
tt3892590	Jews of Egypt: The End of a Journey	false	2014	0	Documentary	7.8	5	Amir Ramses	Amir Ramses	Mohamed Abdel Raouf|Haitham Al-Khamissi|Wisam Wagih El-Lethy|Amir Ramses
tt2991758	Ancient Demon Succubi	false	2014	70	Horror,Thriller	3.8	11	The Aquinas	The Aquinas	Lee Pendergast|Julie Sitemba|Michelle Gent|Berani Egostro|Melanie Denholme|Great Northern Hotel|The Aquinas
tt2934150	The Beach Boys: Live at the Hollywood Bowl 3D	false	2014	0	Music	0.0	0	Mark Bennett		Mark Bennett|Barry Summers|Don Wilson|Brian Wilson|Al Jardine|David Marks|Blondie Chaplin|The Beach Boys|Bruce Johnston|Mike Love
tt3830598	Wacken 3D	false	2014	95	Documentary,Music	6.6	216	Norbert Heitker	Norbert Heitker	Tomas Erhart|Deep Purple|Rammstein|Gerwinat Markus|Motörhead|Norbert Heitker|Stefan Schubert|Alice Cooper
tt7655444	Cinema Italiano: Moments of Truth	false	2014	120	Documentary	0.0	0	Eckhart Schmidt	Eckhart Schmidt	Eckhart Schmidt|Matteo Garrone|Francesco Rosi|Giuseppe Tornatore|Giuseppe Rotunno|Marco Amenta|Mario Monicelli|Marco Bellocchio|Alfredo Bini|Lina Wertmüller
tt3792124	Barolo Boys. The Story of a Revolution	false	2014	64	Biography,Documentary,History	7.0	22	Paolo Casalis|Tiziano Gaia	Paolo Casalis|Tiziano Gaia	Oscar Farinetti|Joe Bastianich|Giorgio Boffa|Paolo Casalis|Carlo Petrini|Tiziano Gaia|Fabio Mancari
tt7701722	Neveroyatnoye peremeshcheniye	false	2014	0	Adventure,Family	0.0	0	Aleksandr Anisimov		Dmitriy Esenevich|Diana Chikranova|Gennadiy Fomin|Katya Ostroga|Seva Malitskiy|Aleksandr Anisimov|Dmitriy Rud
tt3749614	Transcending the Storm	false	2014	57	Documentary,Drama	0.0	0	Stephen Mulhearn	Stephen Mulhearn	Alan C. McLaughlin|Marcus Cliffe|Stephen Mulhearn
tt3711684	Three Touches	false	2014	100	Comedy,Drama	4.9	52	Marco Risi	Marco Risi|Francesco Frangipane|Riccardo De Torrebruna	Francesco Frangipane|Marco Risi|Luca Argentero|Andrea Iervolino|Andrea Busiri Vici|Alessia Alciati|Leandro Amato|Lucia Rossi|Riccardo De Torrebruna|Valentina Girodo
tt3689900	One Humanity	false	2014	110	Documentary	8.7	31	Mickey Madoda Dube		Liz Webber|Tony Hollingsworth|Tony Hollingsworth|Mickey Madoda Dube|Celia Haining
tt3680842	Normandy '44: The Battle Beyond D-Day	false	2014	0	Documentary	6.4	8	Aaron Young		James Holland|Nick Follows|Howard Davidson|Aaron Young|Jon Wood|Alessandro Apolloni
tt3078296	The Invisible Boy	false	2014	100	Action,Adventure,Comedy	6.2	2262	Gabriele Salvatores	Alessandro Fabbri|Ludovica Rampoldi|Stefano Sardo	Valeria Golino|Gabriele Salvatores|Stefano Sardo|Christo Jivkov|Ludovico Girardello|Fabrizio Bentivoglio|Ludovica Rampoldi|Francesca Cima|Alessandro Fabbri|Carlotta Calori
tt4340874	Imôto no nioi: Yoromeki no bakunyû	false	2014	60		0.0	0	Yumi Yoshiyuki	Yumi Yoshiyuki	Tamako Sarada|Shigeru Aiga|Satoshi Shimomoto|Saki Okuda|Yuzu Hoshino|Shôji Sakai|Sakaki-kun|Ayako Kanô|Yumi Yoshiyuki|Tomohiro Okada
tt3755798	Constructing Sochi	false	2014	73	Documentary	0.0	0	Steffi Wurster		Jakob Rühle|Steffi Wurster|Eugen Schlegel
tt5677418	Seuls ceux qui aiment	false	2014	0		0.0	0	Hervé Harding Guiffo	Pascaline Ntema|Paul Steveck	Etienne Eben|Paul Steveck|Dobelle Afubu|Stephane Kamguia|Christelle Ondouas|Pascaline Ntema|Hervé Harding Guiffo|Barry Amayen|Blanche Bana
tt3661698	Z: Hatenaki kibou	false	2014	109	Horror	0.0	0	Norio Tsuruta	Kôji Aihara|Hiroshi Sakamaki|Norio Tsuruta	Kôji Aihara|Tomohiko Aoki|Hiroshi Sakamaki|Jun Terao|Nii Ichii|Norio Tsuruta|Hajime Kanda|Mayu Kawamoto|Yoshifumi Fukazawa
tt3727282	Open Mic Stopped & Frisked	false	2014	60	Biography,Comedy,Documentary	0.0	0	Omar Dyer	Omar Dyer	Omar Dyer
tt3660684	Worst Case Scenario	false	2014	82	Comedy,Drama	5.7	46	Franz Müller	Franz Müller	Katharina Jakobs|Markéta Polednová|Franz Müller|Tobias Ellenberg|Andreas Menn|Samuel Finzi|Kawe Vakil|Mirek Balonis|Eva Löbau|Justyna Bartoszewicz
tt3614348	Die 30 tollsten Musikstars der Achtziger	false	2014	0	Documentary	0.0	0	Stephan Düfel	Stephan Düfel	Idil Baydar|Stephan Düfel|Jürgen Karney|Susanne Betancor|Bürger Lars Dietrich|Jeanette Biedermann|Anja Heyde|Uwe Hübner|Stefan Bruse|Djamil Deininger
tt3569788	Naan Sigappu Manithan	false	2014	149	Action,Drama,Thriller	6.6	724	Thiru	Thiru	Anthony L. Ruben|G.V. Prakash Kumar|Vishal|Ronnie Screwvala|Richard M. Nathan|Iniya|Siddharth Roy Kapur|Thiru|Saranya Ponvannan|Lakshmi Menon
tt3666526	Copa de Elite	false	2014	109	Comedy	4.1	419	Vitor Brandt	Pedro Aguilera|Vitor Brandt	Pedro Aguilera|Daniel Furlan|Marcos Veras|Rafinha Bastos|Paulo Boccato|Vitor Brandt|Pablo Baião|André Moraes|Júlia Rabello|Mayra Lucas
tt3181582	A.I.M: Angry Insecure Men	false	2014	88	Drama	0.0	0	Tasha Biltmore|Angel Terron	Angel Terron	Vonn Harris|Kendall Alexandria|Angel Terron|Parris Franz|Reatha Grey|Yarett Harper|Amy Hatfield|Jujo Ballo|Tasha Biltmore|Trae Ireland
tt3509416	Cheol-ae-kum	false	2014	98	Documentary	7.4	19	Kelvin Kyung Kun Park	Kelvin Kyung Kun Park	Kyungmi Kim|Kelvin Kyung Kun Park|Paulo Vivacqua
tt4681516	Plastic Harem	false	2014	0	Documentary	0.0	0	Rob Schröder|Gabrielle Provaas		Rob Schröder|Gabrielle Provaas
tt4675316	Baby Booking	false	2014	68	Biography,Crime,Documentary	0.0	0	Michael Nakan	Michael Nakan	Michael Nakan|Matthew Sullivan
tt3198986	The United States of BBQ	false	2014	74	Documentary,Drama,Family	0.0	0	Rob Travalino	Rob Travalino	Chris Bongirne|Carey Bringle|Harry Kafka|Haley Barbour|Kenny Callaghan|Rob Travalino|Pat Brock
tt2398306	Marriage Material	false	2014	103	Comedy,Family,Romance	6.2	29	Ann Deborah Fishman|Dave DeBorde	Ann Deborah Fishman	Maddy Curley|Steph Carse|Victoria Jackson|Kyle James|Jon Schellenger|Ron Turowski|Gabriel Miller|Ann Deborah Fishman|Dave DeBorde|Logan Johnson
tt2380321	Wal-Bob's	false	2014	92	Comedy,Romance	6.1	7	Anthony Cook	Anthony Cook|Kevin Porter Jr.	Luis Eduardo Valencia|Kevin Porter Jr.|Natasha Midgley|Dale Waddington|Rock Anthony|Edwin Chesley|Louisa Abernathy|Carrin Tanaka|Krushan Patel|Anthony Cook
tt3594690	Honor of the Warrior	false	2014	24	Biography,Documentary,History	0.0	0	Lauren Garren	Lauren Garren	Lauren Garren|Robert Delsi
tt3586880	Go! Go! Kaden Danshi	false	2014	0	Comedy	0.0	0	Rokugou|Kiyoto Kawamura	Takeshi Miyamoto	Kenta Hamano|Kana Hanazawa|Shigeki Hosokawa|Daigo Matsui|Kiyoto Kawamura|Yûichirô Nakayama|Takeshi Miyamoto|Rokugou
tt4459454	A Pebble of Love in the Shoe of My Life	false	2014	90	Drama	0.0	0		Hossein Keshavarz	Frank Francisco|Hossein Keshavarz
tt4452684	Solidarnosc wedlug kobiet	false	2014	113	Documentary	7.9	9	Marta Dzido|Piotr C. Sliwowski	Marta Dzido	Piotr Sliwowski|Piotr C. Sliwowski|Michal Wisniowski|Jadwiga Chmielowska|Anna Dodziuk|Maria Holka|Magdalena Mosiewicz|Joanna Duda-Gwiazda|Marta Dzido
tt3333080	The Hollow Arm	false	2014	54	Documentary,History,Music	0.0	0	Alden Morgan	Alden Morgan	Stephen Bennett|Michael Manring|John Doan|Muriel Anderson|Stacy Hobbs|Mike Doolin|Andy McKee|Fred Carlson|Bob Hartman|Alden Morgan
tt3120430	Mantus	false	2014	0	Comedy,Drama,Thriller	6.0	5	Enzo Zelocchi	Enzo Zelocchi	Federico Truzzi|Marina Vorobeva|Paul Gregory|Miryam Negrin|Enzo Zelocchi|Olivia Kuan|Atsuko Atake
tt4384124	A Cosmic and Earthly History of Recorded Music According to Mississippi Records	false	2014	90	Documentary,Music	0.0	0	Eric Isaacson		Eric Isaacson|Christopher Kirkley
tt4359310	We Came to Dance	false	2014	58	Documentary	0.0	0	Didier Volckaert	Didier Volckaert	Didier Volckaert
tt4293698	Genetic Me	false	2014	56	Documentary	7.1	45	Pernille Rose Grønkjær	Lone Frank	Jørgen Lauritsen|James Fallon|Bjørn Vidø|Jay Belsky|Thomas Gerhardt|Jesper Eugen-Olsen|Talib Rasmussen|Jacob Kusk|Lone Frank|Pernille Rose Grønkjær
tt3280820	Amar Akashe Megh Brishti	false	2014	0	Drama	0.0	0	Sujan Mukherjee		Jagriti Banerjee|Tamal Chakraborty|Nilip Deb|Sujan Mukherjee|Satorupa Chakroborty
tt3263690	Concerning Violence	false	2014	90	Documentary,Drama,History	7.4	521	Göran Olsson	Frantz Fanon|Göran Olsson	Tobias Janson|Bo Bjelfvenstam|Annika Rogell|Gayatri Chakravorty Spivak|Frantz Fanon|Lauryn Hill|Kati Outinen|Gaetano Pagano|Lis Asklund|Göran Olsson
tt6412268	Nu fang zhi qing chun zai jian	false	2014	0	Drama	0.0	0	Gengxu Lu	Gengxu Lu	Yuye Wang|Hao Qin|Qiuchi Han|Haitao Du|Yuan Ze|Florian Zinke|Gengxu Lu|Yueming Pan|Yulai Lu|Zi Liu
tt4286458	Mira Story	false	2014	84	Adventure,Documentary	0.0	0	Chul Heo	Chul Heo	Ji Hoon Kim|Dong Hoon Lee|Chul Heo|Mira Choi
tt3233224	Boss Wants a Happy Ending	false	2014	109	Comedy,Romance	6.2	4759	Kivanç Baruönü	Yilmaz Erdogan	Jingle House|Kivanç Baruönü|Can Yilmaz|Necati Akpinar|Ezgi Mola|Jean-Paul Seresin|Erkan Can|Murat Basoglu|Tolga Çevik|Yilmaz Erdogan
tt3290714	Samurai Hustle	false	2014	119	Action,Comedy,History	6.2	154	Katsuhide Motoki	Akihiro Dobashi	Masahiko Nishimura|Katsuhide Motoki|Kyoko Fukada|Tsuyoshi Ihara|Akihiro Dobashi|Seiji Rokkaku|Takanori Jinnai|Yûsuke Kamiji|Yasufumi Terawaki|Kuranosuke Sasaki
tt4242178	On Pointe, a conversation with Barbara Crockett	false	2014	38	Biography,Documentary,History	0.0	0	Susana Halfon	Susana Halfon	Allyson Dean|Susana Halfon|Ron Cunningham|Barbara Crockett|Don Schwennesen
tt4226536	Lupino	false	2014	49	Documentary	0.0	0	Laura Lamanda|François Farellacci	François Farellacci|Laura Lamanda	François Farellacci|Laura Lamanda|Jean-Étienne Brat
tt4220318	Por el camino de Modesto	false	2014	110	Documentary	0.0	0	Sebastián Deus	Sebastián Deus	Sebastián Deus|Martín Frías|María Isabel Buceta|María Redondo Alias|Bernardo Maíz Vázquez
tt4196586	For All	false	2014	15	Documentary,Family	0.0	0	Rachel Stevens	Rachel Stevens	Rachel Stevens|Josef Metesh|Sarah Meismer
tt2176228	As It Is in Heaven	false	2014	86	Drama	7.5	66	Joshua Overbay	Ginny Lee Overbay|Joshua Overbay	Ben Zoeller|Joshua Overbay|Nathaniel Glass|Kassandra Botts|Timothy Morton|Michael Grout|Luke Beavers|Ginny Lee Overbay|Todd Bagley|Shannon Kathleen Baker
tt4137002	Long Live Hunting!	false	2014	66	Comedy,Documentary,Family	0.0	0	Jaroslav Kratochvíl	Jaroslav Kratochvíl	Ada Solomon|Jan Balcar|Jaroslav Kratochvíl|Pavla Kubeckova
tt4136676	Adomya	false	2014	99	Drama	6.8	5	Bobby Sarma Baruah	Bobby Sarma Baruah	Bobby Sarma Baruah|Basanta Kumar Baruah|Pranami Bora|Pankaj Sarma|Satya Prakash Rath|Saurabh Hazarika|Jyoti Narayan Nath|Ratul Deka|Sulakhyana Baruah
tt3216668	Wicker Kittens	false	2014	52	Comedy,Documentary,Sport	7.8	12	Amy C. Elliott		Portrait Of A Drowned Man|Amy C. Elliott|Mike Scholtz
tt2150371	The Crossing	false	2014	129	Drama	6.1	912	John Woo	Ching-hui Chen|Chao-Bin Su|Hui-Ling Wang	Chao-Bin Su|Hui-Ling Wang|John Woo|Ching-hui Chen|Xiaoming Huang|Hye-Kyo Song|Ziyi Zhang|Takeshi Kaneshiro|Tarô Iwashiro|Terence Chang
tt4121306	Lac Gioi	false	2014	93	Drama	7.2	30	Phi Tien Son	Trung Dung|Tien Son Phi	Phi Tien Son|Huy Tuan|Trung Dung|Joel Spezeski|Nguyen Manh Hung|Tien Son Phi|Binh An|Trung Dung|Binh An
tt3159212	The Eyes of Isabelle	false	2014	80	Horror	7.2	8	Mathew Kister	Mathew Kister	Dailen Cowden|Mathew Kister|Jeremy Cech|Jared Rodehorst|Danielle Brookshire|Deejay Scharton|Karrie Bauman
tt4119196	Love U Crazy Girl	false	2014	0	Mystery	3.0	6	Bhabhani Prasad	Bhabhani Prasad	Zarina Wahab|Mohan Joshi|Shakti Kapoor|Bhabhani Prasad|Aryan Vaid|Nitika Sharma|Ranjeet Sama
tt3326892	Christmas in Hollywood	false	2014	85	Adventure	4.9	17	Darren Dowler|Bertie Higgins	Darren Dowler|Bertie Higgins|Larry Madill	Andre Champagne|Larry Madill|Mike McMillin|Christopher Reed|Jiang Zi Long|Darren Dowler|Jocelyn Saenz|Bertie Higgins
tt3533614	Ishq Brandy	false	2014	124	Comedy,Romance	5.7	79	Amit Prasher	Rupinder Inderjit	Alfaaz|Rupinder Inderjit|Binnu Dhillon|Wamiqa Gabbi|Satish Aggarwal|Babbu Mittal|Amit Prasher|Mahesh Garg|Roshan Prince|Randhir Singh Dheera
tt2338432	Wybraniec	false	2014	88	Drama	5.2	12	Michal Wegrzyn	Michal Wegrzyn	Jakub Kamienski|Pawel Laskowski|Adam Bobik|Michal Wegrzyn|Maja Bohosiewicz|Grzegorz Kowalczyk|Wojciech Wegrzyn|Karolina Gorczyca|Adrianna Biedrzynska|Mariusz Drezek
tt3140100	The Absent One	false	2014	119	Crime,Mystery,Thriller	7.1	12711	Mikkel Nørgaard	Nikolaj Arcel|Rasmus Heisterberg|Jussi Adler-Olsen|Mikkel Nørgaard	Pilou Asbæk|Mikkel Nørgaard|David Dencik|Fares Fares|Nikolaj Arcel|Jussi Adler-Olsen|Jonas Bagger|Nikolaj Lie Kaas|Peter Aalbæk Jensen|Rasmus Heisterberg
tt4038478	Ayahuasca Nature's Greatest Gift	false	2014	65	Documentary	0.0	0	Seti Gershberg	Seti Gershberg|Lily Kay Ross	Seti Gershberg|Lily Kay Ross
tt3498344	Chalvet, la conquête de la dignité	false	2014	110	Documentary,History	0.0	0	Camille Mauduech	Camille Mauduech	Bénédicte Teiger|Josette Bomare|Ludovic Naar|Jean Abaul|Raymonde Cabrimol|Sebastian Naar|Camille Mauduech|Léon Bertide|Sébastien Naar
tt4011540	Lago Enriquillo: Preludio del Cambio Climático	false	2014	73	Documentary	0.0	0	Fernando Baez Mella	Fernando Baez Mella	Frankie Baez|Pedro Pagan|Fernando Baez Mella|Gabriel Cruz
tt3400460	Foodies: The Culinary Jet Set	false	2014	95	Documentary	6.1	426	Henrik Stockare|Thomas Jackson|Charlotte Landelius		Thomas Jackson|Patrik Andersson|Henrik Stockare|Katie Keiko|Perm Paitayawat|Charlotte Landelius|Fredrik Heinig|Andy Hayler|Aiste Miseviciute|Mattias Nohrborg
tt3407326	Cult	false	2014	81	Drama,Thriller	0.0	0	Lance T. Karasti	Lance T. Karasti	Brent Dooley|Sean Franzen|Forrest Greenwood|Marcus Jahn|Lance T. Karasti|Paul Jahn|Abe Diaz|Chris LeBlanc|Sadie Cheslak|Nathan Hanninen
tt6021184	Beside You	false	2014	50	Documentary	0.0	0	Yu-Hsun Tsai		Tai-yun Hsu|Bo-Tsun Kuo|Chia-Chen Lan|Yu-Hsun Tsai
tt3041932	To See the Sea	false	2014	90	Comedy,Drama,Family	6.9	234	Jirí Mádl	Jirí Mádl	Milos Smídmajer|René Rypar|Edita Kainrathová|Jan Marsál|Lucie Trmíková|Jana Nosková|Jakub Vansa|Petr Simcák|Ondrej Vetchý|Jirí Mádl
tt2944980	4Play	false	2014	0	Drama	5.0	44	Paul D. Hannah	Paul D. Hannah	Lawrence Malloy|Paula Jai Parker|Wesley Jonathan|Angela White|Angell Conwell|Christopher Roth|Paul D. Hannah|Reginald Paul|Theodore Gearring|Jaleel White
tt2903538	The Fly Room	false	2014	83	Biography,Drama	7.0	28	Alexis Gambis	Alexis Gambis|Rose Meacham	Pedro Gómez Millán|Griffin Newman|Henry Hopper|Sarah Elizabeth Mitchell|Stan Demidoff|Alexis Gambis|Rose Meacham|Alexander Akoka|Krista Parris|Daniel Wohl
tt5443116	Seeds from the Heart	false	2014	51	Documentary	0.0	0
tt2773422	Let It Rain	false	2014	0	Drama	0.0	0	Mark Mendola	Lori Cholewka|Mark Mendola	Adam R. Steigert|Stephanie Albon|Jessica Capps|Jim Cholewka|Lori Cholewka|Mark Mendola|Jason John Beebe|Christopher Burns Jr.
tt3312100	The Human Face of Big Data	false	2014	56	Documentary,News	7.4	140	Sandy Smolan	Sandy Smolan	Chris Grounds|William Medsker|Jacek Laskus|Lexie Butler|Dan Oberle|Philip Sheppard|Lisa Coronado|Sandy Smolan|Miles Dewar
tt2734708	American Native	false	2014	83	Documentary,Drama,History	6.6	24	Steven Oritt		Corey Bobker|Jack Anderson|Sonya Anderson|Amanda Anderson|Pete Yorn|Steven Oritt|Marc Dauer|Will Barton|Ashley Apolito|Matthew Ogens
tt3207318	The Motherland Expedition	false	2014	0	Documentary	0.0	0	Ev Alexander	Ev Alexander	Sasha Yatchenko|Samantha Zawistowski|Greg Gagne|Diane Wellman|Christian van Deurs|David Shahverdian|Mason Maggio|Jeremy Stanhope|Ev Alexander
tt4874414	Body and Soul: The State of the Jewish Nation	false	2014	65	Documentary	0.0	0	Gloria Z. Greenfield	Gloria Z. Greenfield	Ruth Wisse|Jonathan Sacks|Robert Wistrich|Gloria Z. Greenfield|Sharon Farber|Richard Chisolm|David Grossbach|Yossi Klein Halevi|Victor Davis Hanson|Alan M. Dershowitz
tt4773466	Cort(Os)Azar	false	2014	60		0.0	0	Rocio Aguirre|Rocio Allaltuni|Pablo Isidoro Appendino|Facundo Baigorri|Melisa Barbereau|Sergio Barroso|Luz de la Fuente Bordalecu|Irene Braggio|Juan Manuel Burtolli|María Verónica Cacho|Emilia Celoria|Silvina Cherry|Esteban Chocobar|María Claudina Eckerdt|Andrea Escandón|Esteban Galeano|José Gauna|Agustín Gerlinger|Elisa Goyeneche|Noelia Hurtado|Paula Lepiante|Sofia Leruga|Soledad Llamba|Gilda Lorenti|Felicitas Marcocci|Maxilimiliano Martiniau|Bruno Massino|Cristina Miranda|Felipe Murillo|Franco Nicoletta|Gabriela Ojeda|María Florencia Ondona|Nicolas Peperetti|Pablo Prego|Gerónimo Rios Longobucco|Florencia Rives|Jose Pablo Rodriguez Murillo|Damian Rodriguez|Octavio Romero|Angie Ruiz|Emanuel Sanchez Acosta|Tomás Saralegui|Amparo Saraví|Giuliana Scicolone|Olmo Sánchez|Jaime Tabares Rueda|Paloma Torello|Alejandra Trifilio	Sergio Barroso|Irene Braggio|Esteban Chocobar|Julio Cortázar|Esteban Galeano|José Gauna|Elisa Goyeneche|Paula Lepiante|Soledad Llamba|Gilda Lorenti|Gabriela Ojeda|María Florencia Ondona|Giuliana Scicolone|Facundo S. Torrieri	Rocio Aguirre|Irene Braggio|Anna Dekuchavsky|Sergio Barroso|Pablo Isidoro Appendino|Rocio Allaltuni|Facundo Baigorri|Romina Col|Horacio Echever|Melisa Barbereau
tt4641232	Le nez	false	2014	84	Action,Documentary	7.4	30	Kim Nguyen	Kim Nguyen	Lucie Tremblay|Nicolas Fransolet|Nicolas Fransolet|Antoine Binette Mercier|Lucie Tremblay|Kim Nguyen|Vidal Béïque
tt3923572	The Price of Crime	false	2014	100	Biography,Crime,Drama	6.0	81	Alessandro Piva	Massimo Gaudioso|Giacomo Gensini|Alessandro Piva	Galliano Juso|Giacomo Gensini|Massimo Gaudioso|Alessandro Piva|Francesco Di Leva|Andrea Farri|Carmine Recano|Valentina Lodovini|Francesco Scianna|Giuseppe Gargiulo
tt4565776	Die Kleinste Armee Der Welt	false	2014	80	Documentary,War	0.0	0	Martin Gerner	Martin Gerner	Andreas Zitzmann|Martin Gerner
tt4530556	The Holocaust Years	false	2014	0	History	0.0	0	Mark Bedrosian	Mark Bedrosian	Val Mijailovic|Mark Bedrosian
tt3917962	Calling	false	2014	75	Drama	6.5	30	Marcin Dudziak	Marcin Dudziak|Kazimierz Orlos	Pawel Balajewicz|Karol Czajkowski|Marcin Dudziak|Piotr Kornobis|Daniel Gasiorowski|Marcin Ochwald|Witold Kotrys|Sebastian Pawlak|Tomasz Wozniczka|Kazimierz Orlos
tt3893382	Left Hook	false	2014	13	Documentary,News	0.0	0	Alexandra Grant|Katie Westfall	Ralph Semilla	Katie Westfall|Ralph Semilla|Alexandra Grant
tt2632342	Mister Rio: A Batalha dos 80	false	2014	107	Biography,Documentary,Drama	8.6	17	Rafael Ignachiti|Flavio Lordello		Flavio Lordello|Chris Aceto|Luiz Claudio|Rodrigo Boecker|Cássia Viviane|Sheila Maltez|Jorlan|Rafael Ignachiti|Dennis James|Flávio Lordello
tt4293766	Kayal	false	2014	139	Romance	6.5	273	Prabu Solomon	Prabu Solomon	James|Chandran|Anandhi|Vetrivel Mahendran|Gemini Rajeshwari|Prabu Solomon|D. Imman|Madhan|Vincent|Escape
tt3772364	Maria Leonora Teresa	false	2014	0	Drama,Horror,Thriller	5.9	62	Wenn V. Deramas	Wenn V. Deramas|Keiko Aquino	Jodi Sta. Maria|Zanjoe Marudo|Rhed Bustamante|Danny Cristobas|Carmina Cuya|Charlie Peralta|Iza Calzado|Wenn V. Deramas|Keiko Aquino|Marya Ignacio
tt3749358	Greece: Days of Change	false	2014	83	Documentary	7.6	8	Elena Zervopoulou	Elena Zervopoulou	Drog A. Tek|Ilias Adamis|Kenan Akkawi|Elena Zervopoulou
tt3647150	Papa, zdravstvui...	false	2014	22	Biography,Documentary,Drama	0.0	0	Natalya Kononenko	Natalya Kononenko	Valeriy Korunov|Oleg Kalyan|Natalya Kononenko
tt3614918	The World on Your Street	false	2014	19	Biography,Documentary	0.0	0
tt3469874	Amelie's Party	false	2014	0	Comedy	0.0	0	George Maddocks		Mariele Runacre Temple|Josephine Arden|George Maddocks
tt3459430	Supari - The Quest Begins Now	false	2014	90	Crime	6.1	32	Aamreeta Gautam	Aamreeta Gautam|Kiran Midigeshi	Vivek Arun|Kiran Midigeshi|Swetanshu Bora|Aamreeta Gautam|Sabreen Baker|Mukesh Ghatiya|Mayuresh Nirhali|Girish Kant|Ranjan Nag|Ruban Phukan
tt3458756	The Measure of All Things	false	2014	65	Documentary	7.5	17	Ymusic|Sam Green		Andrew Black|Mark Dancigers|Ymusic|Peter Sillen|Sam Green
tt3443150	From Borehamwood to Hollywood: The Rise and Fall and Rise of Elstree	false	2014	100	Documentary	8.8	9	Howard Berry	Howard Berry|Paul Welsh	Louise Burns|Brian Blessed|Mick Brady|Brian Clemens|Howard Berry|Lisa Burns|Paul Welsh|Martin G. Baker|Ken Baker|Garrett Brown
tt3407428	Glassland	false	2014	93	Drama	6.0	890	Gerard Barrett	Gerard Barrett	Piers McGrail|Michael Smiley|Juliette Bonass|Ed Guiney|Toni Collette|Nathan Nugent|Gerard Barrett|Jack Reynor|Stephanie Clerkin|Will Poulter
tt4278366	Diary of Darkness	false	2014	50	Drama	0.0	0	Cheyanne Kane	Karl T. Hirsch|Cheyanne Kane|Jeffrey William Laham	Christopher Jelley|Jeffrey William Laham|Karl T. Hirsch|Cheyanne Kane|Luke Wooden
tt4229696	Open	false	2014	54	Documentary	0.0	0	Daniel Etura	Maria Carrasco|Daniel Etura	Marisa Nuñez|Daniel Etura|Maria Carrasco|Gina Mendez|Eider Paredes|Katie Neilson|Valeria Kechichian|Jacky Madenfrost|Cami Best|Ishtar Bäcklund
tt2535470	Wyrmwood: Road of the Dead	false	2014	98	Action,Comedy,Horror	6.3	13597	Kiah Roache-Turner	Kiah Roache-Turner|Tristan Roache-Turner	Keith Agius|Leon Burchill|Michael Lira|Tim Nagle|Jay Gallagher|Bianca Bradey|Tim Namour|Kiah Roache-Turner|Tristan Roache-Turner
tt3281264	The Politics of Fashion: DC Unboxed	false	2014	53	Biography,Documentary,History	0.0	0	Elaine Mensah	Elaine Mensah	Shawny Burns|Kate Glassman Bennett|Jason Baustin|Tim Coburn|Nicole Aguirre|Elaine Mensah|J. Alexander|Susan Cannaday|Taimur Baig|Yvette Castro
tt3158138	Henri Henri	false	2014	99	Comedy,Drama	6.6	264	Martin Talbot	Martin Talbot	Arthur Tarnowski|Martin Talbot|Caroline Héroux|Mathieu Laverdière|Michel Perron|Victor Andres Turgeon-Trelles|Patrick Lavoie|Sophie Desmarais|Marcel Sabourin|Christian Larouche
tt4112274	Romeo	false	2014	119	Drama	5.7	23	Gopi Ganesh	Puri Jagannadh	Sunil Kashyap|Adonika|Dorai Swamy|Gopi Ganesh|P.G. Vinda|Navin Nooli|Sairam Shankar|Ravi Teja|Puri Jagannadh
tt4108170	Il Trovatore	false	2014	145	Drama,Musical	8.3	12	Tiziano Mancini	Salvatore Cammarano|Antonio García Gutiérrez	David Gharibyan|Florian Hoffmann|Antonio García Gutiérrez|Conrad Reinhardt|Philipp Stölzl|Anna Lapkovskaya|Tiziano Mancini|Plácido Domingo|Daniel Barenboim|Salvatore Cammarano
tt4056396	Unexpected Love	false	2014	0	Romance	0.0	0	Bowie Lau	Shalang Xu	Yinger|Yang Wang|Ya-Chun Lu|Shalang Xu|Mengyuan Hu|Bowie Lau
tt2704816	Who Took Johnny	false	2014	81	Biography,Documentary,Drama	7.2	1730	Suki Hawley|David Beilinson|Michael Galinsky	David Beilinson|Michael Galinsky|Suki Hawley	Michael Galinsky|David Beilinson|David Reid|Mike Borland|Nancy Allen|Suki Hawley|Paul Bonacci|Troy Boner
tt2656588	Buzzard	false	2014	97	Comedy,Drama,Horror	6.4	1449	Joel Potrykus	Joel Potrykus	Michael Saunders|Jason Roth|Ashley Young|Joshua Burge|Teri Ann Nelson|Adam J. Minnick|Joel Potrykus
tt2632784	Our Food Chain	false	2014	66	Documentary,News	0.0	0	James Bruce	James Bruce|Wendelin Slusser	James Bruce|Mark T. Williams|Wendelin Slusser|Jeff Lippencott|Vasco Nunes|Michael Rafferty
tt2609778	The Last Straight Man	false	2014	110	Comedy,Drama,Romance	6.1	494	Mark Bessenger	Mark Bessenger	Matthew Grace|Rossano Galante|Scott Sell|Mark Cirillo|Cliff Van Koppenhagen|Mark Bessenger|Marisa Serrano|David Alanson Bradberry
tt4038318	Macie on a Good Day	false	2014	126	Comedy,Drama	9.4	5	Brandon C. Lay	Brandon C. Lay	Jen Santos|Elizabeth Archibeque|Brandon C. Lay|James Mason|Maria Sole|Moriah Cebollero
tt3995982	Booked	false	2014	81	Comedy,Documentary,History	0.0	0	John Bush	John Bush	Bushy Bushytunes|John Bush
tt3995280	Cítrico	false	2014	63	Comedy,Drama,Thriller	0.0	0	Gabriel José	Gabriel José	Gabriel José|Noemi Quiñones|Laura Noemi|José Julio
tt3893326	Coming Out	false	2014	98	Drama	6.3	9	Kazutoshi Inudô	Kazutoshi Inudô	Kosuke Akiyama|Kazutoshi Inudô|Kazuya Hayashi|Bizen|Natsuo|Naoyuki Kobayashi|Takeshi Sone|Ayaka Ichinose
tt3874158	'Ike: Knowledge Is Everywhere	false	2014	80	Documentary,Drama,News	0.0	0	Matthew Nagato	Matthew Nagato	Jeremy Snell|Reynolds Barney|Matthew Nagato
tt3872752	Two Housemates	false	2014	77	Comedy,Drama,Romance	8.9	8	Ryan Watson|Sean Joseph Young	Sean Joseph Young	Ryan Watson|Lucy Chappell|Girik Farrow|Ryan T. Watson|Sean Joseph Young|Tim Lawrence|Emily-Grace Hyland|Liam Watson
tt3872732	Tocaoras	false	2014	108	Documentary,Music	0.0	0	Alicia Cifredo	Alicia Cifredo	Lola Botello|Carmen LeÓn|Alicia Cifredo|Pilar Sánchez Díaz
tt3864758	May We Chat	false	2014	100	Drama	5.0	123	Philip Yung|Cheuk Man Au	Shiu-wa Lou|Philip Yung	Kabby Hui|Wai Chiu Chung|Shiu-wa Lou|Heidi Lee|Yue Shi|Yiu-Tong Lee|Kin Hung Ng|Philip Yung|Cheuk Man Au
tt3770328	Kalanda: The Knowledge of the Bush	false	2014	62	Biography,Documentary,History	0.0	0	Lorenzo Ferrarini		Lorenzo Ferrarini
tt3585666	Damaged	false	2014	0	Drama	0.0	0	Judi Bell	Matt Nicholas	Kiril Kulish|Matt Nicholas|Judi Bell|Maria Rizkalla
tt3760144	Cierre a Blancas	false	2014	52	Drama	0.0	0	Luismartinflores G.		Miguel Ángel Santa María García|Lizbeth Vazquez|Raúl Kennedy|Erick Selim|Claudio García Castañeda|María del Carmen Suárez Flores|Luismartinflores G.|Rodrigo Raúl García Morán|Samantha Reséndiz Flores|Adan Celis Cobarrubias
tt3688988	Suicide love	false	2014	115	Drama,Fantasy,Mystery	0.0	0	Cica Oyama|Seitaro Takagi	Cica Oyama|Takaki Uda	Shiro Oiwake|Seitaro Takagi|Shôji Sadaoka|Cica Oyama|Takaki Uda|Nahana|Hako Ohshima|Toshihiro Isomi|Hôka Kinoshita|Osamu Ichikawa
tt3661676	Life After Death	false	2014	76	Biography,Comedy,Documentary	7.1	8	Joe Callander	Jason Tippet	Jason Tippet|Joe Callander|Suzette Munson|Dave Munson
tt3188768	Holidays in the Sun	false	2014	94	Drama	5.6	760	Srdjan Dragojevic	Srdjan Dragojevic	Branko Sturbej|Srdjan Dragojevic|Victorya Boklag|Iva Ateljevic|Natasa Janjic|Srdjan 'Zika' Todorovic|Dragan Solak|Branko Djuric|Miroslav Ateljevic|Biljana Prvanovic
tt2357144	37	false	2014	94	Mystery,Romance,Thriller	6.6	107	Randall Batinkoff	Randall Batinkoff|Jesse Stratton	Cathleen Flynn|Scott Wolf|Guy Blews|Scottie Thompson|Bruce Davison|Leila Djansi|Jesse Stratton|Randall Batinkoff|Tricia Helfer|Wes Cardino
tt3528874	Questioning Darwin	false	2014	59	Documentary	5.3	377	Antony Thomas		Jonathan Partridge|Samuel West|McDonald Brown|Antony Thomas|Brian Protheroe
tt2991468	Sexy Money	false	2014	85	Biography,Documentary,News	7.9	7	Karin Junger	Karin Junger	Dorith Vinken|René Goossens|Annemiek van Gorp|Karin Junger
tt2274604	Eat with Me	false	2014	95	Comedy,Drama,Romance	6.5	1016	David Au	David Au	Joshua Noteboom|Amanda Treyz|Stephen Krolikowski|Joyce Liu|Michelle Ehlen|David Au|Aidan Bristow|Nicole Sullivan|Teddy Chen|Sharon Omi
tt3482818	Shanti Days: 365-nichi, Shiawase no Kokyû	false	2014	0	Comedy	5.4	9	Koto Nagata	Koto Nagata	Jessica Michibata|Mugi Kadowaki|Koto Nagata|Dean Fujioka|Jun Murakami|Maki Kimura|Eri Itô|Kôtarô Miyata|Kumi Kobata|Shûichi Komuro
tt3391836	The Amazing Akanas	false	2014	0	Documentary	0.0	0	Ronald R. Irwin		Ronald R. Irwin|Roni Akana|Neahmiah Akana|Stacy Akana|Natasha Akana|Xalia Akana|Makailah Akana|Richard Greenwood Jr.|Annastasiah Akana|Xiia Akana
tt3390572	Haider	false	2014	160	Action,Crime,Drama	8.2	42296	Vishal Bhardwaj	William Shakespeare|Basharat Peer|Vishal Bhardwaj	Tabu|Vishal Bhardwaj|Kay Kay Menon|Siddharth Roy Kapur|Shraddha Kapoor|Shahid Kapoor|William Shakespeare|Pankaj Kumar|Basharat Peer|Aarif Sheikh
tt3341582	Killa	false	2014	78	Comedy,Drama	8.0	927	Avinash Arun	Tushar Paranjape|Upendra Sidhaye	Madhukar R. Musle|Ajay Rai|Alan McAlex|Upendra Sidhaye|Tushar Paranjape|Avinash Arun|Gaurish Gawade|Parth Bhalerao|Archit Deodhar|Amruta Subhash
tt3290680	Todo parecía perfecto	false	2014	0	Romance	7.2	19	Alejo Levis	Alejo Levis	Clara Galí|Andrea Trepat|Jordi Rico|Héctor Moras|Ibon Cormenzana|Pau Castejón|Alejo Levis
tt1305618	Away from Here	false	2014	82	Drama	5.8	157	Bruce Van Dusen	Kate Cohen|Timothy Michael Cooper	Amanda Ford|Terry Leonard|Kate Cohen|Bruce Van Dusen|Ray Wise|Robert Miller|Alicia Witt|Timothy Michael Cooper|Nick Stahl|Frankie Faison
tt2180994	A Good Marriage	false	2014	102	Drama,Thriller	5.2	7517	Peter Askin	Stephen King	Anthony LaPaglia|Cara Buono|Per Melita|Stephen King|Stephen Lang|Joan Allen|Peter Askin|Saunder Jurriaans|Will Battersby|Danny Bensi
tt3186736	Bachelors Grove	false	2014	120	Horror	4.5	44	Ricardo Islas	Ruth Camargo|Ricardo Islas	Ruth Camargo|Bruce Spielbauer|Suzy Brack|Joyce Porter|Richard Pryor Jr.|Ned Ricks|Sheree Bynum|Jennifer Lenius|Tim Krueger|Ricardo Islas
tt3165236	Beyond the Dark	false	2014	105	Horror,Sci-Fi,Thriller	3.1	66	Matthew Douglas Grzeszak	Matthew Douglas Grzeszak|Ross Scharphorn	Ross Scharphorn|Matthew Douglas Grzeszak|Charlotte Ambrose|Randy Galaszewski|Ron Shedd|Chuck Harb
tt3151738	What Ever Happened to Timi	false	2014	0	Comedy	5.6	1325	Attila Herczeg	Csaba Csurgó	Attila Herczeg|Gabor Ferenczy|Máté Tóth Widamon|Kornél Simon|Andrea Osvárt|Robert Gulya|Simon Szabó|Attila Tõzsér|Csaba Csurgó|Adél Jordán
tt3151604	Jammed	false	2014	75	Comedy	8.5	15	Yedidya Gorsetman	Yedidya Gorsetman|Mark Leidner	Bianca Stone|Josh Itzkowitz|David Bly|Rob Michael Hugel|Yedidya Gorsetman|Mark Leidner|Rebecca Rom Frank|Ian Coad|Shannon Coffey|Bryan S. Finch
tt2063014	Red Butterfly	false	2014	85	Drama,Romance,Thriller	5.8	133	Jon Alston	Jon Alston	Laurence Mason|R. Brett Thomas|Joseph David Johnson|Diogo Morgado|Olena Kuhtaryeva|Christine Evangelista|Gerren Crochet|Wilson Jermaine Heredia|Jon Alston|Sergei Franklin
tt3205630	Senior Project	false	2014	85	Comedy,Drama	5.9	142	Nadine Truong	Jeremy Lin	Ryan Potter|Nadine Truong|Meaghan Martin|Yaron Kaplan|Kyle Massey|Vanessa Marano|Stephane Gauger|Aaron Symonds|Fabienne Wen|Jeremy Lin
tt2878892	The Destroyer of the World	false	2014	0	Drama	0.0	0	Nasar Abich Jr.	Nasar Abich Jr.	Nasar Abich Jr.
tt2877224	Hollywood Hostel	false	2014	76	Comedy,Crime	0.0	0	Justin Dittrich	Max Esperanto	Max Esperanto|Johan Wester|Paul Whetstone|Tatiana Vici|Ben Peyser|Justin Dittrich
tt2856578	The Grotto	false	2014	84	Horror	3.8	19	Giordany Orellana	Giordany Orellana	Giordany Orellana|Gianluca Migliarotti|Ocean Jaramillo|Sebastiano Di Fiore|Guglielmo Adrasto|Andrea Cerino|David Tayar|Vincent Oppido|Rocky Collins|Edoardo De Laurentiis
tt7617622	Kosthapal Punyasoma	false	2014	109	Comedy,Thriller	4.0	5	Udayakantha Warnasuriya	Udayakantha Warnasuriya	Mahendra Perera|Duleeka Marapana|Sriyantha Mendis|Ayeshmantha Hettiarachchi|Udayakantha Warnasuriya|Gamini Hettiarachchi|Pravin Jayaratne
tt2118707	Pretty Perfect	false	2014	98	Drama,Romance,Thriller	7.6	13	York Alec Shackleton	Christopher Beaton|York Alec Shackleton	Sarah Sutherland|William Phelps|Frederik Wiedmann|York Alec Shackleton|Christopher McDonald|Christopher Beaton|Justin Talley|Sara Malakul Lane|Shane Stanger|Noel Gugliemi
tt2518608	The Other Way	false	2014	85	Biography,Documentary,News	7.4	5	Ryan Singh|Aniket Dasgupta|Swathi Sethumadhavan	Aniket Dasgupta|Swathi Sethumadhavan	Kenny Basumatary|Sounak Roy|Shiladitya Bora|Amlan Datta|Aniket Dasgupta|Vasan Bala|Swathi Sethumadhavan|Ryan Singh
tt2481248	Doc of the Dead	false	2014	81	Documentary	6.4	1122	Alexandre O. Philippe	Chad Herschberger|Alexandre O. Philippe	Robert Muratore|Charlie Adlard|Shawn King|Kerry Deignan Roy|Chad Herschberger|Kyle William Bishop|Joanna Angel|Alexandre O. Philippe|Steven Barton
tt1937372	The Fourth Noble Truth	false	2014	87	Drama,Romance	7.2	9	Gary T. McDonald	Gary T. McDonald	David Kohner Zuckerman|Jillian Stein|Richard Portnow|Harry Hamlin|Tom Ohmer|Bert Guthrie|Kristen Kerr|Pete Kneser|Jim Whelehan|Gary T. McDonald
tt2477930	Viktoria: A Tale of Grace and Greed	false	2014	88	Drama	6.3	306	Men Lareida	Men Lareida|Anna Maros	Simon Hesse|Erika Pölöskey|Marco Barberi|Zsolt Nagy|Valentin Greutert|Franciska Farkas|Michael Kalt|Angéla Stefanovics|Men Lareida|Anna Maros
tt6384684	Bennazar, el arquitecto de Palma	false	2014	52	Documentary	0.0	0	Miguel Eek	Miguel Eek|Mar Pla	Martí Lucena|Miguel Eek|Jaume Compte|Mar Pla|Maribel Bennazar|Catalina Cantarelles|José Carlos Llop
tt4083770	Mr. Civil Rights: Thurgood Marshall and the NAACP	false	2014	57		8.7	6
tt4308290	Rankô no mon: Musabori chôkyô	false	2014	60		0.0	0	Tarô Araki	Tarô Araki	Ryôko Inaba|Yasunari Kubota|Kaho|Takashi Naha|Nana Aida|Masahide Iioka|Tarô Araki|Shôji Sakai|Mayu Ebina|Komari Awashima
tt2283894	Riyasat	false	2014	0	Crime	6.6	36	Ashok Tyagi		Aryan Vaid|Aryeman Ramsay|Vishwajeet Pradhan|Vijay Sirohi|Rajesh Khanna|Irfan Shaikh|Raza Murad|Diwaker Singhal|Ashok Tyagi
tt2172934	3 Days to Kill	false	2014	117	Action,Drama,Thriller	6.2	76250	McG	Adi Hasak|Luc Besson	Hailee Steinfeld|Amber Heard|Connie Nielsen|Luc Besson|McG|Ryan Kavanaugh|Adi Hasak|Marc Libert|Kevin Costner|Guillaume Roussel
tt1878942	Date and Switch	false	2014	91	Comedy,Drama,Romance	5.8	6844	Chris Nelson	Alan Yang	Jai Stefan|Alan Yang|Chris Nelson|Dakota Johnson|Hunter Cope|David Blackman|Nicholas Braun|Eric D. Johnson|Laurence Mark|Gary Cole
tt6448464	À la vie	false	2014	0		0.0	0
tt1141702	I Believe in Unicorns	false	2014	80	Drama	6.2	602	Leah Meyerhoff	Leah Meyerhoff	Michael Taylor|Heather Rae|Julia Garner|Peter Vack|Sasha Gordon|Jarin Blaschke|Natalia Dyer|Rebecca Laks|Amy Seimetz|Leah Meyerhoff
tt2828310	Intersection	false	2014	76	Mystery,Romance	0.0	0	Tim French	Michael French|Tim French	Hoyt Richards|Samuel Jones|Michael French|Bonnie Hellman|Ayan Pratap|Alexis Marsh|Tim French|Rick Irvin|Anabella Casanova|Johnny Williams
tt1644695	The Last Day of Winter	false	2014	82	Drama	0.0	0	Sergio Fabio Ferrari	Sergio Fabio Ferrari	Radu Stefan|Mauro Crivelli|David Frampton|Priscilla Gray|Rufus Frampton|Rachel Dobell|Sergio Fabio Ferrari
tt1742044	Jersey Boys	false	2014	134	Biography,Drama,Music	6.8	28025	Clint Eastwood	Marshall Brickman|Rick Elice	Erich Bergen|Tim Headington|Robert Lorenz|Clint Eastwood|John Lloyd Young|Rick Elice|Graham King|Marshall Brickman|Michael Lomenda|Vincent Piazza
tt2338287	Diamonds in the Sky	false	2014	132	Drama	8.3	7	Sriparna Dey|Anamitra Roy	Anamitra Roy	Avishek Thakur|Abhishek Bhattacharya|Sriparna Dey|Urban Saint|Indie Fm Bangla|Anamitra Roy|Yovik
tt2375597	Almost Married	false	2014	97	Comedy	4.5	697	Ben Cookson	Ben Cookson	Smug Roberts|Holley Gray|Si Bell|Philip McGinley|Celina Norris|Mark Stobbart|Ben Cookson|Steve Clark|Emily Atack|Lionel Hicks
tt2380560	Pride of Lions	false	2014	101	Adventure,Comedy,Drama	4.2	226	Sidney J. Furie	Richard Watson	Seymour Cassel|Margot Kidder|Craig McConnell|Curtis Petersen|Bo Svenson|Richard Watson|Sidney J. Furie|Gary Howsam|Louis Gossett Jr.|Bill Marks
tt2452254	Clouds of Sils Maria	false	2014	124	Drama	6.7	22355	Olivier Assayas	Olivier Assayas	Juliette Binoche|Yorick Le Saux|Charles Gillibert|Lars Eidinger|François-Renaud Labarthe|Olivier Assayas|Marion Monnier|Chloë Grace Moretz|Kristen Stewart
tt2573806	The Father's Love	false	2014	86	Drama,Romance	7.9	40	Sharon Kon	Sharon Kon|Mara Measor	Erik McKay|Raushanah Simmons|Colton Davie|Angela Lin|Edmund Dorsey|Jordan Turchin|Mara Measor|Andres Soto|Xiaopo Wang|Sharon Kon
tt2666286	New Blood Rising	false	2014	81	Horror	4.3	153	Chad Zuver	Chad Zuver	Thomas Sloan|Michael E. Cullen II|Nathan Pepiot|Kayla Elizabeth|Nathan Pelland|Eric Badik|Chad Zuver|Dana Furlong|Vanessa Leonard
tt2704752	Above and Beyond	false	2014	90	Adventure,Documentary,History	7.8	443	Roberta Grossman	Sophie Sartain|Sophie Sartain	Leon Frankel|Mina Alon|Richard J. Carson|Eddie Cohen|Roberta Grossman|Sophie Sartain|Sophie Sartain|Sarah Forbes Campbell|Nancy Spielberg|Lorne Balfe
tt2784946	Je T'aime, Au Revoir	false	2014	95	Drama,Romance	0.0	0	Bennie Woodell	Bennie Woodell	Erin Breen|Bennie Woodell|Jennifer Scott|Macario Cortes III|Matt Ukena|Ashley Moret|Bradley Fowler
tt2991754	El Rey del Rocanrol	false	2014	80	Biography	0.0	0	Néstor Rodríguez Correa	Néstor Correa Rodríguez	Néstor Rodríguez Correa|Pajarito Zaguri|Antonio Birabent|Néstor Correa Rodríguez|Emiliano Serra|Ciro Fogliatta|Ricardo Courtet|Negro Alfano|Ezequiel Yoffe|Daniel Guzmán
tt3109366	Rise of the Eco-Warriors	false	2014	105	Action,Adventure,Documentary	8.4	53	Cathy Henkel	Cathy Henkel	Chai Chin|Cathy Henkel|Ben Dessen|Richard Hearman|Mark White|Paul Daley|Loic Valmy|Ismail Fahmi Lubish|Scott Walton|Fahrani Empel
tt3115694	Starcrossed	false	2014	78	Drama,Romance,Thriller	4.0	101	Chase Mohseni	Chase Mohseni	Kristin Carey|Grant Harvey|Danny Daneau|Mischa Barton|Arden Tse|Chase Mohseni|Eric Roberts|Christian Papazian|Chris Martens|Daniel Rojas
tt3126252	Maksimum przyjemnosci	false	2014	48	Comedy,Documentary	0.0	0	Katarzyna Trzaska	Katarzyna Trzaska	Jakub Motylewski|Katarzyna Trzaska|Robert Zygmuntowski|Marzena Majcher|Andrzej Wojciechowski
tt2134170	10 Cent Pistol	false	2014	91	Crime,Thriller	4.7	394	Michael C. Martin	Michael C. Martin	Adrina Rose Garibian|Joe Mantegna|JT Alexander|Aram Nigoghossian|Jim Dooley|Michael C. Martin|Damon Alexander|Michael Fimognari|Jena Malone
tt3166406	Oliver, Stoned.	false	2014	90	Comedy	4.2	650	Tom Morris	Jaz Kalkat|Tom Morris	Russ Howard III|Ryan Malgarini|Michael Klooster|Greg Camp|Robert Curtis Brown|Pete Gardner|Brea Grant|Tom Morris|Elliot Feld|Jaz Kalkat
tt3171764	Nymph	false	2014	94	Drama,Fantasy,Horror	4.1	2155	Milan Todorovic	Marko Backovic|Barry Keating|Milan Konjevic	Marko Jocic|Milan Konjevic|Barry Keating|Marko Backovic|Milan Todorovic|Dragan Micanovic|Nikola Jeremic|Natalie Burn|Franco Nero|Kristina Klebe
tt3234056	Anatomy of 'Anatomy'	false	2014	44	Documentary	8.6	7	David C Jones	Joan Hansen	Joan Hansen|Claire Wiley|John O'Grady|David C Jones|Brett King
tt3383228	Desolation	false	2014	81	Crime,Drama,Thriller	0.0	0	Ryan Fox	Ryan Fox|Kyle Schiffert	Owen McCuen|Kyle Schiffert|Nick Naro|Nate Armbuster|Ryan Fox|Kyle Steele
tt3413772	Unlucky Plaza	false	2014	122	Comedy,Crime,Drama	7.2	97	Ken Kwek	Ken Kwek	Kat Goh|Joe Ng|Leon Tong|Ting Si Hao|Ken Kwek|Shane Mardjuki|Michael Zaw|Judee Tan|Adrian Pang|Jeffrey Quizon
tt3469718	Fishing Without Nets	false	2014	109	Thriller	6.5	154	Cutter Hodierne	John Hibey|David Burkman|Sam Cohan|Cutter Hodierne	Sam Cohan|David Burkman|Abdiwali Farrah|Ben Freedman|Brian Glazen|Idil Ibrahim|Eric Godon|Cutter Hodierne|John Hibey|Abdikhadir Hassan
tt3545606	Forgotten	false	2014	64	Drama	7.0	5	Stefan Stis	Stefan Stis	Alain Pierre|Stefan Stis
tt3626436	Mutant World	false	2014	82	Sci-Fi	2.8	536	David Winning	Matthew Campagna	Kim Coates|David Winning|Chad Oakes|Mitch Lee|Amber Marshall|Neil Cervin|Holly Deveaux|Michael Frislev|Ashanti|Matthew Campagna
tt3630262	Moving Art: Deserts	false	2014	25	Documentary	8.4	134	Louie Schwartzberg		Louie Schwartzberg|Craig Thomas Quinlan|Ludovico Einaudi|Gary Malkin
tt3674026	Un fidanzato per mia moglie	false	2014	97	Comedy	5.4	318	Davide Marengo	Francesco Piccolo|Davide Marengo|Dino Gentili|Pablo Solarz	Francesco Piccolo|Dino Gentili|Luca Bizzarri|Davide Marengo|Massimo Nunzi|Pablo Solarz|Paolo Kessisoglu|Geppi Cucciari|Dino Abbrescia|Beppe Caschetto
tt3748966	The Man with the Red Horn	false	2014	58	Documentary	0.0	0	Dan Sermand|Schiaffino Musarra	Dan Sermand	Schiaffino Musarra|Beatrice Järås|George Martin|Peter Östlund|Dan Sermand|Nils Landgren|Joe Sample
tt1537908	WHO U.S.?	false	2014	62	Documentary,Drama,History	0.0	0	Kristin MacCary	Kristin MacCary	Gosia Kamela|Kristin MacCary|Toby Hargrave
tt3793846	Gloved Murderess	false	2014	65	Horror	4.8	12	Dustin Ferguson	Dustin Ferguson	Dustin Ferguson|John Altyn|Mark Popejoy|Lynn Brockman|Breana Mitchell|Mark Thimijan|Jennii Caroline|Richard Edwin Stripling Jr.
tt2078549	SEAL Patrol	false	2014	80	Action,Sci-Fi,Thriller	3.7	579	Nicolas Aaron Mezzanatto	Nicolas Aaron Mezzanatto|Joshua Ringle	Kristina Anapau|Joshua St. James|Angel McCord|Nicolas Aaron Mezzanatto|Joshua Ringle|Brett Donowho|Rich McDonald|Flipper Dalton|Edd Lukas|Laurens Van Charante
tt1778338	The Culture High	false	2014	120	Documentary,News	8.3	3338	Brett Harvey	Michael Bobroff|Brett Harvey	Stephen Green|Snoop Dogg|Adam Scorgie|Michael Bobroff|Brett Harvey|Steve Badach|Barack Obama|Ronald Reagan|Joe Rogan|Don Metz
tt2271635	Tajik Rugby Quest	false	2014	11	Documentary,Sport	0.0	0	Faramarz Beheshti		Chris Anderton|Faramarz Beheshti
tt5987720	Nivarana, the Box of Desires	false	2014	0	Romance	0.0	0	Isi Dhamma	Isi Dhamma	Isi Dhamma|Chanel Min Tha Kin
tt3380090	Favorite Refrain	false	2014	108	Mystery,Thriller	0.0	0	Josh Davidson	Josh Davidson	Joshua Kahn|Josh Davidson|Alexandra Olsen de Wallau|Mike Kelly|Cody Edward Johnson|Allison Slavish|Andrew Edmark|Dave Juehring|Lisa Kahn|Devin Kirby-Hansen
tt2404385	Summer Snow	false	2014	89	Drama	6.1	163	Jeremy White|Kendra White	Jeremy White|Kendra White	Rachel Eggleston|Cameron Goodman|BJ Davis|John S. Howard|Dan Atchison|Garrett Backstrom|Kristopher Kimlin|Jeremy White|David Chisum|Kendra White
tt3661976	Gangster	false	2014	150	Action,Crime,Thriller	3.1	353	Aashiq Abu	Ahamed Siddique	Favour Francis|Mammootty|Aashiq Abu|Saiju Sreedharan|Parvathy Menon|Ashwath Bhatt|Ahamed Siddique|Sekhar Menon|Sandeep Narayan|Alexx O'Nell
tt2417854	Lucky Bastard	false	2014	94	Crime,Drama,Thriller	4.3	603	Robert Nathan	Lukas Kendall|Robert Nathan	Jay Paulson|Jim Wynorski|Betsy Rue|Lukas Kendall|Robert Nathan|Don McManus|Tony Randel|Chris Wylde|Eugene Bowen|Clay Westervelt
tt3682004	The Might of Me	false	2014	115	Comedy	0.0	0	Stephen R. Reynolds	Stephen R. Reynolds	Suzanne Balling|Holly Beard|Mattye Bresnen|Kylie Baker|Billy Alexander|Stephen R. Reynolds|Nancy Jay|Jessica Belt|Monica Ballard|Sara Billeaux
tt3407600	Wild Orchid Man in the Land of the White Bear	false	2014	58	Adventure,Documentary,History	0.0	0	Darryl Saffer		Darryl Saffer|Lorne Heshka|Diane Cirksena|Ila Bussidor|Mary Findling|Stig Dalström
tt3882828	Taptapadi	false	2014	126	Drama	8.2	5	Sachin Baliram Nagargoje	Sachin Baliram Nagargoje	Shruti Marathe|Kashyap Parulekar|Sachin Baliram Nagargoje|Veena Jamkar
tt2113659	Elsa & Fred	false	2014	93	Comedy,Drama,Romance	6.5	2442	Michael Radford	Marcos Carnevale|Marcela Guerty|Lily Ann Martin|Anna Pavignano|Michael Radford	Marcos Carnevale|Lily Ann Martin|Michael Radford|Matthias Ehrenberg|Shirley MacLaine|Anna Pavignano|Christopher Plummer|Marcia Gay Harden|Wendell Pierce|Marcela Guerty
tt2621020	Dream Time	false	2014	0		0.0	0	Maganthrie Pillay		Maganthrie Pillay|Timeca M. Seretti|Lana Marie|Gene Williams|Heather Danner|Marc Isaacs|Martina Griffin
tt3898504	Persona 3 the Movie: #2 Midsummer Knight's Dream	false	2014	93	Action,Animation,Fantasy	7.2	182	Tomohisa Taguchi		Tomohisa Taguchi
tt3914418	CME: That's Why We Bring Dogs	false	2014	90	Adventure,Biography,Mystery	0.0	0	Yoshikazu Homura	Yoshikazu Homura	Yoshikazu Homura
tt3924840	Drive in Gamo	false	2014	0	Drama	5.0	8	Masaki Tamura		Mei Kurokawa|Shôta Sometani|Masatoshi Nagase|Masaki Tamura
tt3430252	Sailors in the Wheatfield	false	2014	0	Documentary	0.0	0	Ning Huo		Jimmy Williams|Ning Huo|Charlene Shih
tt3947140	Saigo no inochi	false	2014	0	Drama	0.0	0	Junpei Matsumoto	Fuminori Nakamura|Tomoyuki Takahashi|Junpei Matsumoto	Ryûnosuke Hashino|Harue Miyake|Chikako Nakabayashi|Akira Kosemura|Yû Hirukawa|Tomoyuki Takahashi|Reina Ikehata|Junpei Matsumoto|Richt Itagaki|Fuminori Nakamura
tt2626086	Victor Crowl's Victory	false	2014	120	Drama	0.0	0	Victor Crowl	Victor Crowl	Santina Ferrante|Victor Crowl|Tony Kelly|Nick Markezinis|Sashen Naicker
tt3997248	Foreign Body	false	2014	117	Drama,Romance	4.6	227	Krzysztof Zanussi	Krzysztof Zanussi	Agata Buzek|Agnieszka Grochowska|Weronika Rosati|Irena Strzalkowska|Piotr Niemyjski|Wojciech Kilar|Krzysztof Zanussi|Riccardo Leonelli|Janusz Wachala|Ilya Zakharov
tt4049312	Blood Runs Black	false	2014	75	Horror,Thriller	4.9	18	Andrew Muto	Andrew Muto	Ron Hanks|Kathy DiStefano|Martha Cary|Andrew Muto|Amanda Deibert
tt2392842	Targeting	false	2014	85	Drama	4.8	100	Tarique Qayumi	Joey Patterson|Tarique Qayumi|Alan de la Rosa	Fereshta Kazemi|Kate Hackett|Patrick Meade Jones|Carlos Osorio|Alan de la Rosa|Tajana Prka|Bobby Naderi|Joey Patterson|James O'Shea|Tarique Qayumi
tt4056456	Komm Doch Nach	false	2014	62	Drama,Thriller	0.0	0	Pascal Griesshammer	Pascal Griesshammer|Michael Voegtlin	André Burren|Pascal Griesshammer|Robin Wenger|Lina Hoppe|Maximilian Kraus|Michael Voegtlin
tt4064020	You Are Gone, I Am Here	false	2014	15	Biography,Documentary	0.0	0	Athena Harden	Athena Harden	Athena Harden
tt2677112	Kill, Granny, Kill!	false	2014	70	Horror	5.4	73	Jacob Ennis	Gregory W. Brock|Jacob Ennis	Misty Simmons-Poteet|Gregory W. Brock|Jason Crowe|Roni Jonah|Kayla Perkins|Jacob Ennis|Dale Miller|Paige Kay Davis
tt2800356	Benoît Brisefer: Les taxis rouges	false	2014	77	Adventure,Comedy,Family	4.2	103	Manuel Pradal	Peyo|Thierry Clech|Thierry de Ganay|Ivan Guyot|Manuel Pradal|Jean-Luc Voulfow	Jean Reno|Jean-Luc Voulfow|Thierry Lhermitte|Thierry de Ganay|Gérard Jugnot|Peyo|Thierry Clech|Manuel Pradal|Leopold Huet|Ivan Guyot
tt4162718	Summoned	false	2014	49	Adventure,Fantasy	7.6	7	Katie Travis	Karen Travis|Katie Travis	Peter Wagner|Joshua Robertson|Karissa Travis|Kathryn Karg|Josh Cisewski|Andy Karg|Joey Albrecht|Karen Travis|Katie Travis|Rebecca Heerdt
tt3327870	Bx46	false	2014	74	Documentary,Mystery	0.0	0	Fabien Clouette|Jeremie Brugidou	Jeremie Brugidou|Fabien Clouette	Jeremie Brugidou|Fabien Clouette|Jeffrey Rovinelli
tt4186118	Iyobinte Pusthakam	false	2014	158	Adventure,Drama,Romance	7.7	1198	Amal Neerad		Praveen Prabhakar|Vinayakan|Jinu Joseph|Chemban Vinod Jose|Padmapriya|Amal Neerad|Isha Sharvani|Fahadh Faasil|Lal|Jayasurya
tt2622530	When the Ocean Met the Sky	false	2014	91	Comedy,Drama	7.7	101	Lukas Huffman	Spencer Foley|Lukas Huffman|Phillip Thomas	Aren Buchholz|Daniel Cojanu|Lukas Huffman|Will Bangs|Levi Sophia|Darcy Belsher|Jason Stevens|Ian Ogden|Phillip Thomas|Spencer Foley
tt4202314	What Is Synchronicity?	false	2014	101	Documentary,Drama,Mystery	0.0	0	David Strabala	David Strabala	David Strabala
tt4219300	Gollu aur Pappu	false	2014	112	Comedy	4.5	72	Kabir Sadanand	Rajveer Ahuja	Shounok Ghosh|Dipanjan Guha|Kabir Sadanand|Dimple Kapadia|Sandeepa Dhar|Rajveer Ahuja|Karishma Tanna|Vir Das|Deepak Tijori|Kunaal Roy Kapur
tt3335210	What Goes Up	false	2014	87	Comedy,Romance,Sci-Fi	2.8	13	Matt Gambell	Andrew Coates|Reid Drummond|Matt Gambell	Reid Drummond|Steve Staff|Vincent Walker|Andrew Coates|Tom Pickard|Hal Dimond|Francesca Louise White|Matt Gambell|Laolu Osinbaju|Calum C. Sutton
tt4374512	Ideias para um filme musical sobre o Algarve	false	2014	52	Documentary,Music	0.0	0	Tiago Pereira		Tiago Pereira
tt4286192	Samurai Johnny Frankenstein Black and White	false	2014	73	Action	0.0	0	Scott Shaw	Kenneth H. Kim|Scott Shaw	Scott Shaw|Joel Ciniero|Sergio Coro|Kimberly Bolin|Douglas Robert Jackson|Kenneth H. Kim|Joe Contreras
tt3479082	The Grow Up	false	2014	90	Drama	0.0	0	Brice Miller	Brice Miller|John Reynold	Ava Devine|John Reynold|Cheyenne Peng|John Suspect Renolds|IRV DA Phenom|Brother Lynch Hung|Brandt Hackney|Brice Miller
tt3479250	Man in Love	false	2014	120	Drama,Romance	6.9	350	Dong-wook Han	Kab-yeol Yu	Il-woo Nam|Sang-joon Hwang|Eok Yu|Kab-yeol Yu|Do-won Kwak|Hye-jin Han|Min-jung Park|Yun-ho Kim|Dong-wook Han|Jung-min Hwang
tt3545810	The Seventh Lie	false	2014	94	Crime,Drama,Thriller	4.5	56	James Hung	James Hung	Ronald Cheng|Ka On Ronnie Au|James Hung|Danny Chan|Rose Hung|Anjaylia Chan|Tommy Wai|Tyson Chak|Kai Man Tin|Prisken Lo
tt4319654	I am Grace	false	2014	23	Documentary,Drama,History	8.1	94	Christopher H.K. Lee	Christopher H.K. Lee	Benjamin Krotin|Christopher H.K. Lee|Woojin Yoo|Yera Anna Kim|Grace Jo
tt3461252	The Blue Elephant	false	2014	170	Drama,Horror,Mystery	8.2	20634	Marwan Hamed	Ahmed Mourad	Nelly Karim|Hesham Nazih|Kamel Abo-Ali|Sherif El Moallem|Ahmad Al Morsy|Karim Abdel Aziz|Khaled El Sawy|Marwan Hamed|Ahmed Mourad|Mohamed Mamdouh
tt3570006	A Courtesan with Flowered Skin	false	2014	102	Drama,Romance	6.3	81	Keisuke Toyoshima	Ayako Miyagi|Yoshinobu Kamo	Saki Takaoka|Yôko Mitsuya|Keisuke Toyoshima|Yumi Adachi|Yasushi Fuchikami|Ayako Miyagi|Ena Koshino|Gen Satô|Ayano Tachibana|Yoshinobu Kamo
tt2901984	Winning Girl	false	2014	68	Animation,Documentary,Family	0.0	0	Kimberlee Bassford	Kimberlee Bassford	Mark Menza|Shirley Thompson|Clarissa Chun|Teshya Alo|Kimberlee Bassford|Henry Mochida
tt3629024	Demons	false	2014	95	Horror,Mystery	4.4	33	Scott Anthony	Scott Anthony	Mantha Balourdou|Anne Sophie Niego|Frank Arend|Drew Stewart|Kiriakos Stavros|Aryanne Padilha|Kiri S. Stevens|Theo Crisell|Julián Estrada|Scott Anthony
tt3647328	Monkey in the Middle	false	2014	83	Family	5.9	85	Justin G. Dyck	Keith Cooper	Justin G. Dyck|Soma Chhaya|Daphne Zuniga|Jeff Maher|Jono Grant|Jacob Horsley|Beth Stevenson|Ry Barrett|Keith Cooper|Kyle Popovich
tt2932730	Project: Ice	false	2014	118	Documentary,Family,History	8.4	5	William Kleinert	Brian Scott Jaeschke|William Kleinert	Henry B. Joy IV|Jason Marlin|Brian Scott Jaeschke|William Kleinert
tt3726018	Hrudaya Kaleyam	false	2014	114	Comedy	5.8	296	Steven Shankar	Steven Shankar	Srikanth Pendyala|Satyaprasad Aripirala|Srinivas Rao|Sampoornesh Babu|Mahesh Katti|Kavya Kumar|Rk|Steven Shankar|Sai Rajesh Neelam
tt3726418	Early Spring, Kyoto	false	2014	91	Drama,Family,Fantasy	0.0	0	Hiroshi Toda	Hiroshi Toda	Hiroshi Toda|Guillaume Tauveron
tt3689924	Her Name Is Pinky	false	2014	92	Horror,Mystery,Thriller	0.0	0	Scott Rivers	Scott Rivers	Scott Rivers
tt6419354	Best Suspects	false	2014	0		0.0	0
tt3768600	The Garage	false	2014	65	Documentary,Family	0.0	0	Michel Demers	Michel Demers	Michel Demers
tt4038690	Counterclock	false	2014	64	Action,Crime,Drama	0.0	0	Dylan Hoang	Dylan Hoang	Kaitlyn Kennedy|Mark Angelo Dabu|Dylan Hoang|Josh Lizak|Aanand Davé|Hunter Miller|Connor Murchison
tt3115428	Lords of BSV	false	2014	79	Biography,Documentary	8.9	11	Maria Soccor	Frank Orefice Jr.|Maria Soccor	Barry Rubinow|'Fatboy' Chris Brown|Khoa Le|James Manno|Frank Orefice Jr.|Maria Soccor|Stefan Brown|'Brukup' George Adams|Curtis Brown
tt4049534	Mule-Tide Christmas	false	2014	74	Animation	4.1	15	Gorka Vázquez		Steve Vernon|Eduardo Barinaga|Matthew Warzel|Scott Schenberg|Karmelo Vivanco|Gorka Vázquez|David Schifter
tt4080378	Enrico Lucherini: Ne ho fatte di tutti i colori	false	2014	70	Biography,Documentary,History	7.0	7	Marco Spagnoli	Marco Spagnoli	Jacopo Reale|Paolo Monaci|Monica Bellucci|Gabriel Garko|Cristiana Capotondi|Max Di Carlo|Piero Chiambretti|Marco Spagnoli|Niccolò Palomba
tt4112334	Current Theega	false	2014	128	Action,Comedy,Romance	6.0	409	G. Nageswara Reddy	G. Nageswara Reddy|Kishore Tirumala	G. Nageswara Reddy|Sampoornesh Babujai|Manoj Kumar Manchu|Jagapathi Babu|S.R. Shekhar|Satish Muthyala|Achu|Vishnu Manchu|Kishore Tirumala|Rakul Preet Singh
tt4119052	Those Who Feel the Fire Burning	false	2014	74	Documentary,Drama	7.0	229	Morgan Knibbe	Morgan Knibbe	Frank Hoeve|Carlos dalla-Fiore|Juho Nurmela|Xander Nijsten|Katja Draaijer|Morgan Knibbe
tt4220046	House on the Edge of Hell	false	2014	0	Comedy,Horror	0.0	0	Marc Slanger|Courtney Fathom Sell	Courtney Fathom Sell|Marc Slanger	Courtney Fathom Sell|Holly Ralston|Marc Slanger|Steven Manger
tt4373776	The Polgar Variant	false	2014	68	Biography,Documentary,Drama	7.8	20	Yossi Aviram	Yossi Aviram	Yossi Aviram|Ayelet Kait|Roy Yarkoni|Sari Ezouz|Amir Harel
tt4452086	For Joshua	false	2014	129	Biography,Documentary,War	0.0	0	Joe Blount|Daniel Sousa		Mark Berrier|Daniel Sousa|Joe Blount
tt3512726	Natural Life	false	2014	78	Crime,Documentary,News	0.0	0	Tirtza Even	Tirtza Even	Oded Zehavi|Lakim Carney|Gonzalo Escobar Mora|Kati Holland|Emilie Crewe|Yoni Goldstein|Chrissy Garcia|Faizan Hasnain|Tirtza Even|Raphael Rodolfi
tt3260514	Bronx Obama	false	2014	92	Biography,Documentary,Family	6.0	166	Ryan Murdock		Ryan Murdock|Jeremy Siefer|Louis Ortiz|Craig Rinkerman|Mitra Bonshahi|Matt Abeysekera
tt4571862	Segvards Vientulis	false	2014	90	Drama	7.0	11	Normunds Pucis		Vilis Daudzins|Rihards Dubra|Normunds Pucis|Juris Bartkevics|Juris Jope|Valdis Bisenieks|Andris Bulis|Maris Korsietis|Egons Dombrovskis|Ritvars Gailums
tt4659220	Nur der Pole bingt die Kohle	false	2014	0	Documentary	0.0	0	Markus Stein	Anna-Maria Hora	Rasmus Sievers|André Nier|Anna-Maria Hora|Miriam Troescher|Olaf Jacobs|Moritz Denis|Bernadette Paaßen|Markus Stein
tt3340870	Amnesia: Who Are You?	false	2014	102	Biography,Drama	6.4	8	Paul Kampf	Paul Kampf	Rich Evirs|Taylor Beadle-Williams|René Jung|Juliette Beavan|Chris Cash|Logan Anderson|Paul Kampf|Jessica Almonte
tt3414472	Trouble with Women	false	2014	103	Comedy,Romance	0.0	0	Alan Ginsberg	Alan Ginsberg|Scott Schwartz	Jill Beecher|Brian Boswell|Abraham Roofeh|Montgomery Sutton|Andrew Mauney|Patrick Ginnetty|Alan Ginsberg|Scott Schwartz|Michelle Morocco
tt4881780	Marry Me	false	2014	94	Comedy,Romance	5.3	6	Kadir Balci	Kadir Balci	Kadir Balci
tt1742334	Sabotage	false	2014	109	Action,Crime,Drama	5.7	52097	David Ayer	Skip Woods|David Ayer	Terrence Howard|David Ayer|Sam Worthington|Palak Patel|Olivia Williams|Bill Block|Skip Woods|Arnold Schwarzenegger|Ethan Smith|Paul Hanson
tt3735670	Dreceres	false	2014	0	Documentary	0.0	0	Gloria Matamala|Irene Alai	Irene Alai|Gloria Matamala	Joan Martorell|Irene Alai|Gloria Matamala
tt4901512	The Road of the Souls	false	2014	74	Documentary,History,Music	0.0	0	Pável Urkiza	Pável Urkiza	Pável Urkiza|Dani Rodriguez
tt3351428	Stuk!	false	2014	113	Crime,Drama,Thriller	5.1	186	Steven de Jong	Steven de Jong|Judith Visser|Dick van den Heuvel	Sanneke Bos|Judith Visser|Dick van den Heuvel|Ronald Schilperoort|Anne-Jan de Jong|Steven de Jong|Amin Ait Bihi|Sander Terpstra|Mees Bink|Tatum Dagelet
tt3779818	Attacking the Devil: Harold Evans and the Last Nazi War Crime	false	2014	102	Documentary	8.1	308	Jacqui Morris|David Morris	David Morris|Jacqueline Morris	Alex Baranowski|David Fairhead|Booth Clive|Jacqui Morris|Jacqueline Morris|Harold Evans|Ralph Nader|Michael Sheen|David Morris
tt3602210	Konthayum Poonoolum	false	2014	119	Drama,Romance	5.4	56	Jijo Antony	Jijo Antony|SohanLal|Vinod Sreekumar	Vijai Sankar|Shine Tom Chacko|Jijo Antony|Kunchacko Boban|Pappinu|SohanLal|Bhama|Vinod Sreekumar|Royson Vellara|Anju Aravind
